{
  "Permissions": [
    "update-configuration",
    "update-configuration-main",
    "update-configuration-administrative-template",
    "update-configuration-application-launcher",
    "update-configuration-application-restriction",
    "update-configuration-desktop-start-menu",
    "update-configuration-drive-mapping",
    "update-configuration-environment-variable",
    "update-configuration-file-association",
    "update-configuration-flex-app-dia",
    "update-configuration-flex-app-uia",
    "update-configuration-folder-redirection",
    "update-configuration-ini-file",
    "update-configuration-internet-explorer",
    "update-configuration-internet-proxy",
    "update-configuration-inventory",
    "update-configuration-mapi-profile",
    "update-configuration-message-box",
    "update-configuration-office-file-location",
    "update-configuration-office-option",
    "update-configuration-outlook",
    "update-configuration-path",
    "update-configuration-portability-setting",
    "update-configuration-printer",
    "update-configuration-privilege-elevation",
    "update-configuration-profile-cleanup",
    "update-configuration-rdp-client",
    "update-configuration-registry",
    "update-configuration-shortcut",
    "update-configuration-thin-app",
    "update-configuration-time-sync",
    "update-configuration-trigger-point",
    "update-configuration-user-defined-alias",
    "update-configuration-user-defined-script",
    "update-configuration-virtual-disk",
    "update-configuration-windows-option",
    "update-filter",
    "update-ruleset",
    "update-flexdisk",
    "update-flexdisk-delete-flexapp-dia",
    "update-flexdisk-import-flexapp-dia",
    "update-flexdisk-create-udd",
    "update-flexdisk-delete-udd",
    "update-flexdisk-import-udd",
    "update-flexdisk-disconnect-flexdisk-connection"
  ],
  "AdministrativeTemplates": [],
  "ApplicationLaunchers": [],
  "ApplicationRestrictions": [],
  "Comments": "",
  "CompressionType": 0,
  "DesktopStartMenus": [],
  "DisableGroupTokenCache": false,
  "DriveMappings": [],
  "EnableFilter": false,
  "EnableLogFilter": false,
  "EnvironmentVariables": [],
  "FileAssociations": [],
  "Filter": null,
  "FilterId": "",
  "FlexAppDias": [],
  "FlexAppUias": [],
  "FolderRedirections": [],
  "GroupName": "",
  "IniFiles": [],
  "InternetExplorers": [],
  "InternetProxies": [],
  "Inventories": [],
  "LegacyMode": false,
  "LogFilter": null,
  "LogFilterId": "",
  "LogLevel": 1,
  "LogPath": "",
  "MapiProfiles": [],
  "MessageBoxes": [],
  "Name": "OSTDiskExample",
  "Notes": "",
  "OfficeFileLocations": [],
  "OfficeOptions": [],
  "Outlooks": [],
  "OverrideDeploymentPath": "",
  "Paths": [],
  "PortabilityRetention": 0,
  "PortabilitySettings": [],
  "Printers": [],
  "PrivilegeElevations": [],
  "ProfileCleanups": [],
  "RdpClients": [],
  "Registries": [],
  "RequireGroupMembership": false,
  "Shortcuts": [],
  "ThinApps": [],
  "TimeSyncs": [],
  "TriggerPoints": [],
  "UserDefinedAliases": [],
  "UserDefinedScripts": [
    {
      "During": 0,
      "Type": 3,
      "File": "c:\\windows\\system32\\cmd.exe /c move \"%localappdata%\\Microsoft\\Outlook\" \"%localappdata%\\Microsoft\\Outlook.old\"",
      "RunInProcess": false,
      "Description": "",
      "Disabled": false,
      "Sequence": 1
    }
  ],
  "VirtualDisks": [
    {
      "DriveLetter": 0,
      "EnableCompression": false,
      "MountLocation": 1,
      "MountPath": "%localappdata%\\Microsoft\\Outlook",
      "Path": "{profileshare}\\%username%\\OSTdisk\\OST.VHD",
      "SizeInGb": 20,
      "StorageType": 0,
      "Type": 0,
      "Filter": null,
      "FilterId": null,
      "Description": "",
      "Disabled": false,
      "Sequence": 1
    }
  ],
  "WindowsOptions": [],
  "CreatedBy": "administrator",
  "DateCreated": "/Date(1541448347000)/",
  "DateLastModified": "/Date(1541448495968)/",
  "Disabled": false,
  "LastModifiedBy": "administrator",
  "Id": "5be0a29b08845e04a05ace96",
  "Version": "6.7.7.6701 1bdfe910e 2018-05-07"
}