{
  "AdministrativeTemplates": [],
  "ApplicationLaunchers": [],
  "ApplicationRestrictions": [],
  "Comments": "",
  "CompressionType": 2,
  "DesktopStartMenus": [],
  "DisableGroupTokenCache": true,
  "DriveMappings": [],
  "EnableFilter": false,
  "EnableLogFilter": false,
  "EnvironmentVariables": [],
  "FileAssociations": [],
  "Filter": null,
  "FilterId": "",
  "FlexAppDias": [],
  "FlexAppUias": [],
  "FolderRedirections": [],
  "GroupName": "",
  "IniFiles": [],
  "InternetExplorers": [],
  "InternetProxies": [],
  "Inventories": [],
  "LegacyMode": false,
  "LogFilter": null,
  "LogFilterId": "",
  "LogLevel": 1,
  "LogPath": "",
  "MapiProfiles": [],
  "MessageBoxes": [],
  "Name": "Windows 7, Win 10 v4",
  "Notes": "Using Global VAR\n\nv4",
  "OfficeFileLocations": [],
  "OfficeOptions": [],
  "Outlooks": [],
  "Paths": [],
  "PortabilityRetention": 0,
  "PortabilitySettings": [],
  "Printers": [],
  "PrivilegeElevations": [],
  "ProfileCleanups": [],
  "RdpClients": [],
  "Registries": [],
  "RequireGroupMembership": false,
  "Shortcuts": [],
  "ThinApps": [],
  "TimeSyncs": [],
  "TriggerPoints": [],
  "UserDefinedAliases": [],
  "UserDefinedScripts": [
    {
      "During": "2",
      "Type": "0",
      "File": "\\\\%USERDOMAIN%\\NETLOGON\\ProfileUnity\\Scripts\\mozcachedelv3.bat",
      "RunInProcess": false,
      "Description": "Clear Mozilla Cache",
      "Disabled": false,
      "Sequence": 17
    }
  ],
  "VirtualDisks": [],
  "WindowsOptions": [],
  "CreatedBy": "administrator",
  "DateCreated": "/Date(1476300112000)/",
  "DateLastModified": "/Date(1479149996757)/",
  "Disabled": false,
  "Id": "57fe8d5008845e0be8b32092",
  "LastModifiedBy": "administrator",
  "Version": "6.5.6116 11c0242"
}