{
  "AdministrativeTemplates": [],
  "ApplicationLaunchers": [
    {
      "Arguments": "/s /n /i:U shell32.dll",
      "DayOfMonth": 1,
      "DayOfWeek": 0,
      "Filespec": "%systemroot%\\system32\\regsvr32.exe",
      "Frequency": 0,
      "HideProgress": true,
      "RunAsync": false,
      "Schedule": 0,
      "SpecificDate": null,
      "Timing": 1,
      "TrackingPath": "",
      "Uid": "",
      "Filter": {
        "Comments": "",
        "Connections": 1,
        "FilterRules": [],
        "MachineClasses": 49,
        "Name": "Windows 7",
        "OperatingSystems": 32,
        "RuleAggregate": 0,
        "SystemEvents": 1,
        "CreatedBy": null,
        "DateCreated": "/Date(1465063433000)/",
        "DateLastModified": "/Date(1465063433622)/",
        "Disabled": false,
        "Id": "5753180908845e05a0ad6913",
        "LastModifiedBy": null
      },
      "FilterId": "5753180908845e05a0ad6913",
      "Description": "Windows Shell extention Stubs",
      "Disabled": false,
      "Sequence": 2
    }
  ],
  "ApplicationRestrictions": [],
  "Comments": "",
  "CompressionType": 2,
  "DesktopStartMenus": [],
  "DisableGroupTokenCache": true,
  "DriveMappings": [],
  "EnableFilter": false,
  "EnableLogFilter": false,
  "EnvironmentVariables": [],
  "FileAssociations": [],
  "Filter": null,
  "FilterId": "",
  "FlexAppDias": [],
  "FlexAppUias": [],
  "FolderRedirections": [],
  "GroupName": "",
  "IniFiles": [],
  "InternetExplorers": [],
  "InternetProxies": [],
  "Inventories": [],
  "LegacyMode": false,
  "LogFilter": null,
  "LogFilterId": "",
  "LogLevel": 1,
  "LogPath": "",
  "MapiProfiles": [],
  "MessageBoxes": [],
  "Name": "Windows 7, Win 10 v4",
  "Notes": "Using Global VAR\n\nv4",
  "OfficeFileLocations": [],
  "OfficeOptions": [],
  "Outlooks": [],
  "Paths": [],
  "PortabilityRetention": 0,
  "PortabilitySettings": [],
  "Printers": [],
  "PrivilegeElevations": [],
  "ProfileCleanups": [],
  "RdpClients": [],
  "Registries": [
    {
      "Action": 0,
      "Data": "%systemroot%\\system32\\ie4uinit.exe -UserConfig",
      "DataType": 4,
      "Hive": 4,
      "Key": "Software\\Microsoft\\WIndows\\CurrentVersion\\Run",
      "ProcessActionPostLogin": false,
      "Value": "IE ActiveStub",
      "Filter": {
        "Comments": "",
        "Connections": 1,
        "FilterRules": [],
        "MachineClasses": 49,
        "Name": "Windows 7",
        "OperatingSystems": 32,
        "RuleAggregate": 0,
        "SystemEvents": 1,
        "CreatedBy": null,
        "DateCreated": "/Date(1465063433000)/",
        "DateLastModified": "/Date(1465063433622)/",
        "Disabled": false,
        "Id": "5753180908845e05a0ad6913",
        "LastModifiedBy": null
      },
      "FilterId": "5753180908845e05a0ad6913",
      "Description": "IE Stub",
      "Disabled": false,
      "Sequence": 2
    }
  ],
  "RequireGroupMembership": false,
  "Shortcuts": [],
  "ThinApps": [],
  "TimeSyncs": [],
  "TriggerPoints": [],
  "UserDefinedAliases": [],
  "UserDefinedScripts": [],
  "VirtualDisks": [],
  "WindowsOptions": [],
  "CreatedBy": "administrator",
  "DateCreated": "/Date(1476300112000)/",
  "DateLastModified": "/Date(1479149996757)/",
  "Disabled": false,
  "Id": "57fe8d5008845e0be8b32092",
  "LastModifiedBy": "administrator",
  "Version": "6.5.6116 11c0242"
}