{
  "AdministrativeTemplates": [],
  "ApplicationLaunchers": [
    {
      "Arguments": "/c xcopy \"\\\\js-pro\\Profiles\\%username%.W10\\win10StartMenu\\Database\" \"%USERPROFILE%\\AppData\\Local\\TileDataLayer\\Database\" /f/e/i/h/k/o/y",
      "DayOfMonth": 1,
      "DayOfWeek": 0,
      "Filespec": "%systemroot%\\system32\\cmd.exe",
      "Frequency": 0,
      "HideProgress": false,
      "RunAsync": false,
      "Schedule": 0,
      "SpecificDate": null,
      "Timing": 0,
      "TrackingPath": "",
      "Uid": "",
      "Filter": null,
      "FilterId": null,
      "Description": "Copies the windows 10 start menu database back into the Profile.",
      "Disabled": false,
      "Sequence": 1
    }
  ],
  "ApplicationRestrictions": [],
  "Comments": "",
  "CompressionType": 0,
  "DesktopStartMenus": [],
  "DisableGroupTokenCache": false,
  "DriveMappings": [],
  "EnableFilter": true,
  "EnableLogFilter": false,
  "EnvironmentVariables": [],
  "FileAssociations": [],
  "Filter": {
    "Comments": "",
    "Connections": 1,
    "FilterRules": [],
    "MachineClasses": 48,
    "Name": "Windows 10",
    "OperatingSystems": 1024,
    "RuleAggregate": 0,
    "SystemEvents": 1,
    "CreatedBy": null,
    "DateCreated": "/Date(1449267169000)/",
    "DateLastModified": "/Date(1465062762920)/",
    "Disabled": false,
    "Id": "56620fe1ce2811046c9d8f8e",
    "LastModifiedBy": null
  },
  "FilterId": "56620fe1ce2811046c9d8f8e",
  "FlexAppDias": [],
  "FlexAppUias": [],
  "FolderRedirections": [],
  "GroupName": "",
  "IniFiles": [],
  "InternetExplorers": [],
  "InternetProxies": [],
  "Inventories": [],
  "LegacyMode": false,
  "LogFilter": null,
  "LogFilterId": "",
  "LogLevel": 1,
  "LogPath": "",
  "MapiProfiles": [],
  "MessageBoxes": [],
  "Name": "01-Win10 Policies",
  "Notes": "",
  "OfficeFileLocations": [],
  "OfficeOptions": [],
  "Outlooks": [],
  "Paths": [],
  "PortabilityRetention": 0,
  "PortabilitySettings": [],
  "Printers": [],
  "PrivilegeElevations": [],
  "ProfileCleanups": [],
  "RdpClients": [],
  "Registries": [
    {
      "Action": 1,
      "Data": "",
      "DataType": 0,
      "Hive": 4,
      "Key": "SOFTWARE\\Microsoft\\Windows\\CurrentVersion\\Run",
      "ProcessActionPostLogin": false,
      "Value": "Onedrivesetup",
      "Filter": {
        "Comments": "",
        "Connections": 1,
        "FilterRules": [],
        "MachineClasses": 48,
        "Name": "Windows 10",
        "OperatingSystems": 1024,
        "RuleAggregate": 0,
        "SystemEvents": 1,
        "CreatedBy": null,
        "DateCreated": "/Date(1449267169000)/",
        "DateLastModified": "/Date(1465062762920)/",
        "Disabled": false,
        "Id": "56620fe1ce2811046c9d8f8e",
        "LastModifiedBy": null
      },
      "FilterId": "56620fe1ce2811046c9d8f8e",
      "Description": "",
      "Disabled": false,
      "Sequence": 1
    }
  ],
  "RequireGroupMembership": false,
  "Shortcuts": [],
  "ThinApps": [],
  "TimeSyncs": [],
  "TriggerPoints": [],
  "UserDefinedAliases": [],
  "UserDefinedScripts": [
    {
      "During": "2",
      "Type": "0",
      "File": "\\\\%userdomain%\\NETLOGON\\ProfileUnity\\Scripts\\Win10Start\\win10start.bat",
      "RunInProcess": false,
      "Description": "win10 VSS Start",
      "Disabled": false,
      "Sequence": 5
    }
  ],
  "VirtualDisks": [],
  "WindowsOptions": [],
  "CreatedBy": "administrator",
  "DateCreated": "/Date(1470687749000)/",
  "DateLastModified": "/Date(1478897468220)/",
  "Disabled": false,
  "Id": "57a8ea0508845e0638cc339f",
  "LastModifiedBy": "administrator",
  "Version": "6.5.6116 11c0242"
}