{
  "DateExported": "2016-11-15T18:59:06.4273243Z",
  "ProuVersion": "6.5.6116",
  "Configurations": [],
  "Filters": [],
  "PortabilityRulesets": [
    {
      "Comments": "",
      "FilesystemRules": [
        {
          "Folder": 0,
          "Operation": 0,
          "Path": ""
        },
        {
          "Folder": 0,
          "Operation": 2,
          "Path": "Thinstall\\UnRegister"
        },
        {
          "Folder": 0,
          "Operation": 2,
          "Path": "Microsoft"
        },
        {
          "Folder": 0,
          "Operation": 2,
          "Path": "identities"
        }
      ],
      "Name": "Application Data - 6.5 - 3rdPartyApps",
      "RegistryRules": [],
      "CreatedBy": "administrator",
      "DateCreated": "2016-11-15T18:58:25Z",
      "DateLastModified": "2016-11-15T18:58:39.077Z",
      "Disabled": false,
      "Id": "582b5ad108845e061861de54",
      "LastModifiedBy": "administrator"
    }
  ],
  "Templates": []
}