{
  "DateExported": "2016-11-15T18:59:54.9390584Z",
  "ProuVersion": "6.5.6116",
  "Configurations": [],
  "Filters": [],
  "PortabilityRulesets": [
    {
      "Comments": "",
      "FilesystemRules": [
        {
          "Folder": 12,
          "Operation": 1,
          "Path": "Mozilla\\Firefox\\Profiles"
        },
        {
          "Folder": 0,
          "Operation": 1,
          "Path": "Mozilla\\Firefox"
        },
        {
          "Folder": 0,
          "Operation": 2,
          "Path": "Mozilla\\Firefox\\Crash Reports"
        }
      ],
      "Name": "Mozilla Firefox v8",
      "RegistryRules": [],
      "CreatedBy": "administrator",
      "DateCreated": "2016-11-01T16:47:04Z",
      "DateLastModified": "2016-11-01T17:17:37.257Z",
      "Disabled": false,
      "Id": "5818c70808845e060cb54413",
      "LastModifiedBy": "administrator"
    }
  ],
  "Templates": []
}