{
  "DateExported": "2016-11-15T18:59:23.8112936Z",
  "ProuVersion": "6.5.6116",
  "Configurations": [],
  "Filters": [],
  "PortabilityRulesets": [
    {
      "Comments": "",
      "FilesystemRules": [
        {
          "Folder": 0,
          "Operation": 0,
          "Path": "Microsoft"
        },
        {
          "Folder": 0,
          "Operation": 0,
          "Path": "identities"
        },
        {
          "Folder": 0,
          "Operation": 2,
          "Path": "Microsoft\\Windows\\Themes\\*Wallpaper*.*"
        },
        {
          "Folder": 0,
          "Operation": 2,
          "Path": "Microsoft\\Windows\\Cookies"
        },
        {
          "Folder": 0,
          "Operation": 2,
          "Path": "Microsoft\\Credentials"
        },
        {
          "Folder": 0,
          "Operation": 2,
          "Path": "Microsoft\\Protect"
        },
        {
          "Folder": 0,
          "Operation": 2,
          "Path": "Microsoft\\Windows\\Recent"
        },
        {
          "Folder": 0,
          "Operation": 2,
          "Path": "Microsoft\\Windows\\SendTo"
        },
        {
          "Folder": 0,
          "Operation": 2,
          "Path": "Microsoft\\Windows\\Start Menu"
        },
        {
          "Folder": 0,
          "Operation": 2,
          "Path": "Microsoft\\Windows\\Themes"
        },
        {
          "Folder": 0,
          "Operation": 2,
          "Path": "Microsoft\\Templates"
        },
        {
          "Folder": 0,
          "Operation": 2,
          "Path": "MIcrosoft\\Document Building Blocks"
        },
        {
          "Folder": 0,
          "Operation": 2,
          "Path": "Microsoft\\Bibliography"
        }
      ],
      "Name": "Application Data - 6.5 - ManditorySettings",
      "RegistryRules": [],
      "CreatedBy": "administrator",
      "DateCreated": "2016-11-15T18:58:45Z",
      "DateLastModified": "2016-11-15T18:59:01.415Z",
      "Disabled": false,
      "Id": "582b5ae508845e061861de55",
      "LastModifiedBy": "administrator"
    }
  ],
  "Templates": []
}