{
  "DateExported": "2016-11-15T19:05:05.1108522Z",
  "ProuVersion": "6.5.6116",
  "Configurations": [],
  "Filters": [],
  "PortabilityRulesets": [
    {
      "Comments": "",
      "FilesystemRules": [],
      "Name": "Active Setup - Streamlined",
      "RegistryRules": [
        {
          "Hive": 0,
          "Operation": 0,
          "Path": "Software\\Microsoft\\Active Setup",
          "Scope": 0
        }
      ],
      "CreatedBy": null,
      "DateCreated": "2016-06-07T02:08:46Z",
      "DateLastModified": "2016-06-07T02:08:46.821Z",
      "Disabled": false,
      "Id": "57562cae08845e0600c4a2b3",
      "LastModifiedBy": "administrator"
    }
  ],
  "Templates": []
}