{
  "DateExported": "2016-11-15T18:59:49.5824624Z",
  "ProuVersion": "6.5.6116",
  "Configurations": [],
  "Filters": [],
  "PortabilityRulesets": [
    {
      "Comments": "",
      "FilesystemRules": [
        {
          "Folder": 12,
          "Operation": 1,
          "Path": "Packages\\Microsoft.MicrosoftEdge_8wekyb3d8bbwe\\AC\\MicrosoftEdge\\User\\Default\\DataStore"
        },
        {
          "Folder": 12,
          "Operation": 1,
          "Path": "Packages\\Microsoft.MicrosoftEdge_8wekyb3d8bbwe\\Settings\\Settings.dat"
        },
        {
          "Folder": 15,
          "Operation": 0,
          "Path": "SystemApps\\Microsoft.MicrosoftEdge_8wekyb3d8bbwe"
        },
        {
          "Folder": 15,
          "Operation": 2,
          "Path": "SystemApps\\Microsoft.MicrosoftEdge_8wekyb3d8bbwe\\MicrosoftEdge.exe"
        },
        {
          "Folder": 15,
          "Operation": 2,
          "Path": "SystemApps\\Microsoft.MicrosoftEdge_8wekyb3d8bbwe\\MicrosoftEdgeCP.exe"
        },
        {
          "Folder": 15,
          "Operation": 2,
          "Path": "SystemApps\\Microsoft.MicrosoftEdge_8wekyb3d8bbwe\\ru-RU"
        },
        {
          "Folder": 15,
          "Operation": 2,
          "Path": "SystemApps\\Microsoft.MicrosoftEdge_8wekyb3d8bbwe\\en-US"
        },
        {
          "Folder": 15,
          "Operation": 2,
          "Path": "SystemApps\\Microsoft.MicrosoftEdge_8wekyb3d8bbwe\\*.dll"
        }
      ],
      "Name": "Microsoft Edge v3",
      "RegistryRules": [
        {
          "Hive": 0,
          "Operation": 1,
          "Path": "SOFTWARE\\Classes\\Local Settings\\Software\\Microsoft\\Windows\\CurrentVersion\\AppContainer\\Storage\\microsoft.microsoftedge_8wekyb3d8bbwe\\MicrosoftEdge",
          "Scope": 0
        }
      ],
      "CreatedBy": "administrator",
      "DateCreated": "2016-11-03T21:04:52Z",
      "DateLastModified": "2016-11-03T21:08:35.856Z",
      "Disabled": false,
      "Id": "581ba67408845e0670fd9c31",
      "LastModifiedBy": "administrator"
    }
  ],
  "Templates": []
}